{
    "1INCH": {
        "high": 0.4589,
        "low": 0.4577
    },
    "AAVE": {
        "high": 78.75,
        "low": 78.63
    },
    "ADA": {
        "high": 0.33455,
        "low": 0.33414
    },
    "ALGO": {
        "high": 0.2131,
        "low": 0.2126
    },
    "ALICE": {
        "high": 1.382,
        "low": 1.38
    },
    "ANC": {
        "high": 0.04753,
        "low": 0.0474
    },
    "ANKR": {
        "high": 0.02248,
        "low": 0.02244
    },
    "ANT": {
        "high": 2.64,
        "low": 2.633
    },
    "APE": {
        "high": 4.587,
        "low": 4.576
    },
    "API3": {
        "high": 1.229,
        "low": 1.228
    },
    "AR": {
        "high": 8.834,
        "low": 8.825
    },
    "ARPA": {
        "high": 0.03097,
        "low": 0.03091
    },
    "ATOM": {
        "high": 11.847,
        "low": 11.833
    },
    "AUDIO": {
        "high": 0.1679,
        "low": 0.1676
    },
    "AVAX": {
        "high": 15.948,
        "low": 15.93
    },
    "AXS": {
        "high": 8.242,
        "low": 8.233
    },
    "BAKE": {
        "high": 0.1477,
        "low": 0.1473
    },
    "BAL": {
        "high": 6.493,
        "low": 6.483
    },
    "BAND": {
        "high": 1.7051,
        "low": 1.7026
    },
    "BAT": {
        "high": 0.2348,
        "low": 0.2345
    },
    "BCH": {
        "high": 121.06,
        "low": 120.98
    },
    "BEL": {
        "high": 0.4547,
        "low": 0.454
    },
    "BIT": {
        "high": 0.4748,
        "low": 0.4745
    },
    "BLZ": {
        "high": 0.05844,
        "low": 0.05834
    },
    "BNB": {
        "high": 289.91,
        "low": 289.69
    },
    "BNX": {
        "high": 77.25,
        "low": 77.17
    },
    "BONE": {
        "high": 1.37,
        "low": 1.368
    },
    "BSV": {
        "high": 42.8,
        "low": 42.79
    },
    "BTC": {
        "high": 20877.9,
        "low": 20870.7
    },
    "C98": {
        "high": 0.1972,
        "low": 0.1967
    },
    "CEEK": {
        "high": 0.0992,
        "low": 0.0983
    },
    "CEL": {
        "high": 0.564,
        "low": 0.5628
    },
    "CELO": {
        "high": 0.62,
        "low": 0.619
    },
    "CELR": {
        "high": 0.01276,
        "low": 0.01273
    },
    "CHR": {
        "high": 0.1328,
        "low": 0.1326
    },
    "CHZ": {
        "high": 0.12606,
        "low": 0.12585
    },
    "COMP": {
        "high": 46.89,
        "low": 46.76
    },
    "COTI": {
        "high": 0.06779,
        "low": 0.06769
    },
    "CRV": {
        "high": 0.879,
        "low": 0.877
    },
    "CTK": {
        "high": 0.7305,
        "low": 0.7303
    },
    "CVC": {
        "high": 0.0991,
        "low": 0.0988
    },
    "DAR": {
        "high": 0.1459,
        "low": 0.1455
    },
    "DASH": {
        "high": 48.26,
        "low": 48.19
    },
    "DC": {
        "high": 0.001316,
        "low": 0.001315
    },
    "DENT": {
        "high": 0.000806,
        "low": 0.000805
    },
    "DOGE": {
        "high": 0.081036,
        "low": 0.080914
    },
    "DOT": {
        "high": 5.739,
        "low": 5.735
    },
    "DUSK": {
        "high": 0.09192,
        "low": 0.09175
    },
    "DYDX": {
        "high": 1.305,
        "low": 1.303
    },
    "EGLD": {
        "high": 39.99,
        "low": 39.96
    },
    "ENJ": {
        "high": 0.4146,
        "low": 0.4121
    },
    "ENS": {
        "high": 13.711,
        "low": 13.684
    },
    "EOS": {
        "high": 0.972,
        "low": 0.97
    },
    "ETC": {
        "high": 20.644,
        "low": 20.611
    },
    "ETH": {
        "high": 1534.0,
        "low": 1533.39
    },
    "ETHW": {
        "high": 3.805,
        "low": 3.802
    },
    "FILECOIN": {
        "high": 4.334,
        "low": 4.326
    },
    "FITFI": {
        "high": 0.02551,
        "low": 0.02547
    },
    "FLM": {
        "high": 0.085,
        "low": 0.0848
    },
    "FLOW": {
        "high": 0.999,
        "low": 0.997
    },
    "FOOTBALL": {
        "high": 622.16,
        "low": 621.89
    },
    "FTM": {
        "high": 0.3009,
        "low": 0.3006
    },
    "GAL": {
        "high": 1.7257,
        "low": 1.7183
    },
    "GALA": {
        "high": 0.04463,
        "low": 0.04454
    },
    "GLMR": {
        "high": 0.387,
        "low": 0.386
    },
    "GRT": {
        "high": 0.07581,
        "low": 0.07558
    },
    "GTC": {
        "high": 1.441,
        "low": 1.437
    },
    "HNT": {
        "high": 2.909,
        "low": 2.906
    },
    "HT": {
        "high": 4.916,
        "low": 4.915
    },
    "ICP": {
        "high": 4.972,
        "low": 4.963
    },
    "IMX": {
        "high": 0.5733,
        "low": 0.5729
    },
    "IOST": {
        "high": 0.008939,
        "low": 0.008927
    },
    "IOTA": {
        "high": 0.2022,
        "low": 0.202
    },
    "IOTX": {
        "high": 0.02537,
        "low": 0.02534
    },
    "JASMY": {
        "high": 0.004617,
        "low": 0.004603
    },
    "KAVA": {
        "high": 1.0275,
        "low": 1.024
    },
    "KLAY": {
        "high": 0.1863,
        "low": 0.1861
    },
    "KNC": {
        "high": 0.7815,
        "low": 0.7726
    },
    "KSM": {
        "high": 33.31,
        "low": 33.21
    },
    "LDO": {
        "high": 1.9161,
        "low": 1.9118
    },
    "LINA": {
        "high": 0.00581,
        "low": 0.0058
    },
    "LINK": {
        "high": 6.404,
        "low": 6.4
    },
    "LIT": {
        "high": 0.849,
        "low": 0.847
    },
    "LOOKS": {
        "high": 0.17835,
        "low": 0.17814
    },
    "LRC": {
        "high": 0.2569,
        "low": 0.2565
    },
    "LTC": {
        "high": 83.44,
        "low": 83.39
    },
    "LUNC": {
        "high": 0.0001717,
        "low": 0.000171
    },
    "MANA": {
        "high": 0.6409,
        "low": 0.6389
    },
    "MASK": {
        "high": 2.713,
        "low": 2.708
    },
    "MATIC": {
        "high": 0.9353,
        "low": 0.9339
    },
    "MKR": {
        "high": 654.3,
        "low": 653.7
    },
    "MTL": {
        "high": 0.8744,
        "low": 0.871
    },
    "NEAR": {
        "high": 2.064,
        "low": 2.062
    },
    "NEO": {
        "high": 7.304,
        "low": 7.3
    },
    "NKN": {
        "high": 0.0923,
        "low": 0.0921
    },
    "OCEAN": {
        "high": 0.2621,
        "low": 0.26146
    },
    "OGN": {
        "high": 0.1072,
        "low": 0.1071
    },
    "OMG": {
        "high": 1.23,
        "low": 1.229
    },
    "ONE": {
        "high": 0.01584,
        "low": 0.01582
    },
    "ONT": {
        "high": 0.1919,
        "low": 0.1918
    },
    "OP": {
        "high": 1.6942,
        "low": 1.6889
    },
    "PEOPLE": {
        "high": 0.02427,
        "low": 0.02424
    },
    "PSG": {
        "high": 6.34,
        "low": 6.31
    },
    "QTUM": {
        "high": 2.273,
        "low": 2.27
    },
    "RAY": {
        "high": 0.224,
        "low": 0.2226
    },
    "REEF": {
        "high": 0.002823,
        "low": 0.002819
    },
    "REN": {
        "high": 0.072,
        "low": 0.07182
    },
    "RLC": {
        "high": 1.5357,
        "low": 1.5315
    },
    "ROSE": {
        "high": 0.04399,
        "low": 0.04397
    },
    "RSR": {
        "high": 0.003556,
        "low": 0.003548
    },
    "RUNE": {
        "high": 1.619,
        "low": 1.618
    },
    "RVN": {
        "high": 0.02507,
        "low": 0.02501
    },
    "SAND": {
        "high": 0.6957,
        "low": 0.6931
    },
    "SANTOS": {
        "high": 5.38,
        "low": 5.37
    },
    "SFP": {
        "high": 0.3901,
        "low": 0.3891
    },
    "SHIB": {
        "high": 1.1401e-05,
        "low": 1.1352e-05
    },
    "SNFT": {
        "high": 0.0682,
        "low": 0.0675
    },
    "SNX": {
        "high": 2.141,
        "low": 2.14
    },
    "SOL": {
        "high": 21.055,
        "low": 21.018
    },
    "SRM": {
        "high": 0.4209,
        "low": 0.4135
    },