{
    "1INCH": {
        "high": 0.483,
        "low": 0.4819
    },
    "AAVE": {
        "high": 78.6,
        "low": 78.37
    },
    "ADA": {
        "high": 0.34718,
        "low": 0.34694
    },
    "ALGO": {
        "high": 0.231,
        "low": 0.2307
    },
    "ALICE": {
        "high": 1.483,
        "low": 1.48
    },
    "ANC": {
        "high": 0.05259,
        "low": 0.05229
    },
    "ANKR": {
        "high": 0.02273,
        "low": 0.02272
    },
    "ANT": {
        "high": 2.638,
        "low": 2.632
    },
    "APE": {
        "high": 4.902,
        "low": 4.888
    },
    "API3": {
        "high": 1.391,
        "low": 1.388
    },
    "AR": {
        "high": 8.942,
        "low": 8.917
    },
    "ARPA": {
        "high": 0.03347,
        "low": 0.03342
    },
    "ATOM": {
        "high": 12.228,
        "low": 12.206
    },
    "AUDIO": {
        "high": 0.1889,
        "low": 0.1884
    },
    "AVAX": {
        "high": 16.602,
        "low": 16.557
    },
    "AXS": {
        "high": 8.835,
        "low": 8.824
    },
    "BAKE": {
        "high": 0.1665,
        "low": 0.166
    },
    "BAL": {
        "high": 6.542,
        "low": 6.533
    },
    "BAND": {
        "high": 1.861,
        "low": 1.8584
    },
    "BAT": {
        "high": 0.2265,
        "low": 0.226
    },
    "BCH": {
        "high": 122.27,
        "low": 122.13
    },
    "BEL": {
        "high": 0.5021,
        "low": 0.5018
    },
    "BIT": {
        "high": 0.5108,
        "low": 0.5106
    },
    "BLZ": {
        "high": 0.06521,
        "low": 0.06513
    },
    "BNB": {
        "high": 297.9,
        "low": 297.78
    },
    "BNX": {
        "high": 79.87,
        "low": 79.66
    },
    "BONE": {
        "high": 1.35,
        "low": 1.34
    },
    "BSV": {
        "high": 43.88,
        "low": 43.84
    },
    "BTC": {
        "high": 21033.0,
        "low": 21000.2
    },
    "C98": {
        "high": 0.2173,
        "low": 0.2166
    },
    "CEEK": {
        "high": 0.0999,
        "low": 0.0995
    },
    "CEL": {
        "high": 0.6197,
        "low": 0.6186
    },
    "CELO": {
        "high": 0.722,
        "low": 0.719
    },
    "CELR": {
        "high": 0.01388,
        "low": 0.01385
    },
    "CHR": {
        "high": 0.1388,
        "low": 0.1385
    },
    "CHZ": {
        "high": 0.13521,
        "low": 0.13495
    },
    "COMP": {
        "high": 52.35,
        "low": 52.22
    },
    "COTI": {
        "high": 0.07267,
        "low": 0.0724
    },
    "CRV": {
        "high": 0.848,
        "low": 0.847
    },
    "CTK": {
        "high": 0.7617,
        "low": 0.7603
    },
    "CVC": {
        "high": 0.1015,
        "low": 0.1012
    },
    "DAR": {
        "high": 0.1571,
        "low": 0.1562
    },
    "DASH": {
        "high": 49.13,
        "low": 48.99
    },
    "DC": {
        "high": 0.001323,
        "low": 0.001315
    },
    "DENT": {
        "high": 0.000905,
        "low": 0.000902
    },
    "DOGE": {
        "high": 0.083615,
        "low": 0.083504
    },
    "DOT": {
        "high": 5.76,
        "low": 5.752
    },
    "DUSK": {
        "high": 0.10048,
        "low": 0.10007
    },
    "DYDX": {
        "high": 1.471,
        "low": 1.466
    },
    "EGLD": {
        "high": 39.82,
        "low": 39.72
    },
    "ENJ": {
        "high": 0.36,
        "low": 0.359
    },
    "ENS": {
        "high": 14.165,
        "low": 14.123
    },
    "EOS": {
        "high": 1.033,
        "low": 1.031
    },
    "ETC": {
        "high": 21.687,
        "low": 21.649
    },
    "ETH": {
        "high": 1550.99,
        "low": 1550.11
    },
    "ETHW": {
        "high": 3.748,
        "low": 3.744
    },
    "FILECOIN": {
        "high": 4.574,
        "low": 4.567
    },
    "FITFI": {
        "high": 0.03155,
        "low": 0.03102
    },
    "FLM": {
        "high": 0.0916,
        "low": 0.0915
    },
    "FLOW": {
        "high": 1.058,
        "low": 1.056
    },
    "FOOTBALL": {
        "high": 653.89,
        "low": 653.24
    },
    "FTM": {
        "high": 0.3179,
        "low": 0.3165
    },
    "GAL": {
        "high": 1.523,
        "low": 1.5205
    },
    "GALA": {
        "high": 0.0547,
        "low": 0.04642
    },
    "GLMR": {
        "high": 0.395,
        "low": 0.394
    },
    "GRT": {
        "high": 0.08171,
        "low": 0.08158
    },
    "GTC": {
        "high": 1.627,
        "low": 1.621
    },
    "HNT": {
        "high": 3.0,
        "low": 2.992
    },
    "HT": {
        "high": 5.118,
        "low": 5.096
    },
    "ICP": {
        "high": 5.018,
        "low": 5.003
    },
    "IMX": {
        "high": 0.5734,
        "low": 0.5725
    },
    "IOST": {
        "high": 0.009206,
        "low": 0.009184
    },
    "IOTA": {
        "high": 0.2091,
        "low": 0.2085
    },
    "IOTX": {
        "high": 0.02878,
        "low": 0.02869
    },
    "JASMY": {
        "high": 0.005062,
        "low": 0.005049
    },
    "KAVA": {
        "high": 0.8694,
        "low": 0.8659
    },
    "KLAY": {
        "high": 0.1843,
        "low": 0.184
    },
    "KNC": {
        "high": 0.7392,
        "low": 0.7371
    },
    "KSM": {
        "high": 36.75,
        "low": 31.19
    },
    "LDO": {
        "high": 2.1141,
        "low": 2.109
    },
    "LINA": {
        "high": 0.00663,
        "low": 0.00662
    },
    "LINK": {
        "high": 6.567,
        "low": 6.556
    },
    "LIT": {
        "high": 0.878,
        "low": 0.875
    },
    "LOOKS": {
        "high": 0.20598,
        "low": 0.2056
    },
    "LRC": {
        "high": 0.2728,
        "low": 0.2724
    },
    "LTC": {
        "high": 86.25,
        "low": 86.09
    },
    "LUNC": {
        "high": 0.0001772,
        "low": 0.0001768
    },
    "MANA": {
        "high": 0.6953,
        "low": 0.6897
    },
    "MASK": {
        "high": 2.75,
        "low": 2.742
    },
    "MATIC": {
        "high": 0.995,
        "low": 0.9939
    },
    "MKR": {
        "high": 687.2,
        "low": 685.7
    },
    "MTL": {
        "high": 0.8659,
        "low": 0.8642
    },
    "NEAR": {
        "high": 2.137,
        "low": 2.135
    },
    "NEO": {
        "high": 7.509,
        "low": 7.499
    },
    "NKN": {
        "high": 0.10308,
        "low": 0.10297
    },
    "OCEAN": {
        "high": 0.24892,
        "low": 0.2485
    },
    "OGN": {
        "high": 0.1149,
        "low": 0.1148
    },
    "OMG": {
        "high": 1.282,
        "low": 1.278
    },
    "ONE": {
        "high": 0.01774,
        "low": 0.0177
    },
    "ONT": {
        "high": 0.1941,
        "low": 0.1937
    },
    "OP": {
        "high": 1.8284,
        "low": 1.8156
    },
    "PEOPLE": {
        "high": 0.02746,
        "low": 0.02733
    },
    "PSG": {
        "high": 6.55,
        "low": 6.38
    },
    "QTUM": {
        "high": 2.34,
        "low": 2.334
    },
    "RAY": {
        "high": 0.2598,
        "low": 0.2588
    },
    "REEF": {
        "high": 0.002972,
        "low": 0.002965
    },
    "REN": {
        "high": 0.0791,
        "low": 0.07889
    },
    "RLC": {
        "high": 1.5771,
        "low": 1.5735
    },
    "ROSE": {
        "high": 0.04782,
        "low": 0.04775
    },
    "RSR": {
        "high": 0.004005,
        "low": 0.003997
    },
    "RUNE": {
        "high": 1.72,
        "low": 1.719
    },
    "RVN": {
        "high": 0.02449,
        "low": 0.02443
    },
    "SAND": {
        "high": 0.7069,
        "low": 0.7032
    },
    "SANTOS": {
        "high": 5.7,
        "low": 5.69
    },
    "SFP": {
        "high": 0.4544,
        "low": 0.4532
    },
    "SHIB": {
        "high": 1.0361e-05,
        "low": 1.0325e-05
    },
    "SNFT": {
        "high": 0.0727,
        "low": 0.0726
    },
    "SNX": {
        "high": 2.19,
        "low": 2.181
    },
    "SOL": {
        "high": 23.15,
        "low": 23.05
    },
    "SRM": {
        "high": 0.4735,
        "low": 0.4716
    },
    "STG": {
        "high": 0.4551,