{
    "1INCH": {
        "high": 0.5148,
        "low": 0.5139
    },
    "AAVE": {
        "high": 82.63,
        "low": 82.4
    },
    "ADA": {
        "high": 0.39867,
        "low": 0.39595
    },
    "ALGO": {
        "high": 0.2417,
        "low": 0.2408
    },
    "ALICE": {
        "high": 1.796,
        "low": 1.791
    },
    "ANC": {
        "high": 0.04997,
        "low": 0.04991
    },
    "ANKR": {
        "high": 0.02578,
        "low": 0.02573
    },
    "ANT": {
        "high": 3.114,
        "low": 3.103
    },
    "APE": {
        "high": 5.873,
        "low": 5.867
    },
    "API3": {
        "high": 1.552,
        "low": 1.549
    },
    "AR": {
        "high": 10.437,
        "low": 10.417
    },
    "ARPA": {
        "high": 0.03546,
        "low": 0.03534
    },
    "ATOM": {
        "high": 13.357,
        "low": 13.316
    },
    "AUDIO": {
        "high": 0.2823,
        "low": 0.2809
    },
    "AVAX": {
        "high": 19.99,
        "low": 19.969
    },
    "AXS": {
        "high": 10.838,
        "low": 10.819
    },
    "BAKE": {
        "high": 0.194,
        "low": 0.1935
    },
    "BAL": {
        "high": 6.681,
        "low": 6.675
    },
    "BAND": {
        "high": 2.1646,
        "low": 2.1571
    },
    "BAT": {
        "high": 0.2512,
        "low": 0.2505
    },
    "BCH": {
        "high": 134.87,
        "low": 134.68
    },
    "BEL": {
        "high": 0.5557,
        "low": 0.5549
    },
    "BIT": {
        "high": 0.5374,
        "low": 0.5342
    },
    "BLZ": {
        "high": 0.07283,
        "low": 0.07264
    },
    "BNB": {
        "high": 312.79,
        "low": 312.59
    },
    "BNX": {
        "high": 85.96,
        "low": 85.75
    },
    "BONE": {
        "high": 1.323,
        "low": 1.314
    },
    "BSV": {
        "high": 42.71,
        "low": 42.64
    },
    "BTC": {
        "high": 23124.6,
        "low": 23113.9
    },
    "C98": {
        "high": 0.2659,
        "low": 0.2626
    },
    "CEEK": {
        "high": 0.1279,
        "low": 0.1272
    },
    "CEL": {
        "high": 0.601,
        "low": 0.5987
    },
    "CELO": {
        "high": 0.724,
        "low": 0.723
    },
    "CELR": {
        "high": 0.01814,
        "low": 0.01809
    },
    "CHR": {
        "high": 0.1691,
        "low": 0.1688
    },
    "CHZ": {
        "high": 0.13353,
        "low": 0.13337
    },
    "COMP": {
        "high": 53.05,
        "low": 53.0
    },
    "COTI": {
        "high": 0.10073,
        "low": 0.10052
    },
    "CRV": {
        "high": 1.02,
        "low": 1.018
    },
    "CTK": {
        "high": 0.8025,
        "low": 0.8011
    },
    "CVC": {
        "high": 0.1044,
        "low": 0.1042
    },
    "DAR": {
        "high": 0.2691,
        "low": 0.2687
    },
    "DASH": {
        "high": 61.1,
        "low": 60.9
    },
    "DC": {
        "high": 0.001611,
        "low": 0.001606
    },
    "DENT": {
        "high": 0.000939,
        "low": 0.000937
    },
    "DOGE": {
        "high": 0.093452,
        "low": 0.093196
    },
    "DOT": {
        "high": 6.279,
        "low": 6.272
    },
    "DUSK": {
        "high": 0.16268,
        "low": 0.16123
    },
    "DYDX": {
        "high": 2.85,
        "low": 2.799
    },
    "EGLD": {
        "high": 43.41,
        "low": 43.34
    },
    "ENJ": {
        "high": 0.4413,
        "low": 0.4403
    },
    "ENS": {
        "high": 15.944,
        "low": 15.911
    },
    "EOS": {
        "high": 1.067,
        "low": 1.066
    },
    "ETC": {
        "high": 21.783,
        "low": 21.757
    },
    "ETH": {
        "high": 1589.79,
        "low": 1588.49
    },
    "ETHW": {
        "high": 3.799,
        "low": 3.796
    },
    "FILECOIN": {
        "high": 5.226,
        "low": 5.217
    },
    "FITFI": {
        "high": 0.02769,
        "low": 0.02765
    },
    "FLM": {
        "high": 0.0955,
        "low": 0.0953
    },
    "FLOW": {
        "high": 1.011,
        "low": 1.007
    },
    "FOOTBALL": {
        "high": 634.24,
        "low": 633.5
    },
    "FTM": {
        "high": 0.4803,
        "low": 0.4795
    },
    "GAL": {
        "high": 2.0335,
        "low": 2.0297
    },
    "GALA": {
        "high": 0.055,
        "low": 0.05486
    },
    "GLMR": {
        "high": 0.447,
        "low": 0.446
    },
    "GRT": {
        "high": 0.0895,
        "low": 0.08932
    },
    "GTC": {
        "high": 1.886,
        "low": 1.878
    },
    "HNT": {
        "high": 2.677,
        "low": 2.674
    },
    "HT": {
        "high": 5.151,
        "low": 5.15
    },
    "ICP": {
        "high": 5.847,
        "low": 5.833
    },
    "IMX": {
        "high": 0.7194,
        "low": 0.7171
    },
    "IOST": {
        "high": 0.009462,
        "low": 0.009458
    },
    "IOTA": {
        "high": 0.2253,
        "low": 0.225
    },
    "IOTX": {
        "high": 0.02837,
        "low": 0.02836
    },
    "JASMY": {
        "high": 0.005152,
        "low": 0.00514
    },
    "KAVA": {
        "high": 0.9673,
        "low": 0.9663
    },
    "KLAY": {
        "high": 0.2062,
        "low": 0.2056
    },
    "KNC": {
        "high": 0.7482,
        "low": 0.7477
    },
    "KSM": {
        "high": 35.66,
        "low": 35.66
    },
    "LDO": {
        "high": 2.1248,
        "low": 2.1199
    },
    "LINA": {
        "high": 0.00726,
        "low": 0.00725
    },
    "LINK": {
        "high": 7.004,
        "low": 6.996
    },
    "LIT": {
        "high": 1.012,
        "low": 1.011
    },
    "LOOKS": {
        "high": 0.19501,
        "low": 0.19468
    },
    "LRC": {
        "high": 0.3323,
        "low": 0.3317
    },
    "LTC": {
        "high": 95.04,
        "low": 94.93
    },
    "LUNC": {
        "high": 0.0001746,
        "low": 0.0001738
    },
    "MANA": {
        "high": 0.7448,
        "low": 0.7433
    },
    "MASK": {
        "high": 4.1,
        "low": 4.038
    },
    "MATIC": {
        "high": 1.1127,
        "low": 1.1108
    },
    "MKR": {
        "high": 651.2,
        "low": 649.5
    },
    "MTL": {
        "high": 0.9098,
        "low": 0.9073
    },
    "NEAR": {
        "high": 2.345,
        "low": 2.342
    },
    "NEO": {
        "high": 8.183,
        "low": 8.173
    },
    "NKN": {
        "high": 0.10153,
        "low": 0.10149
    },
    "OCEAN": {
        "high": 0.35436,
        "low": 0.35423
    },
    "OGN": {
        "high": 0.1256,
        "low": 0.1254
    },
    "OMG": {
        "high": 1.408,
        "low": 1.404
    },
    "ONE": {
        "high": 0.02114,
        "low": 0.02109
    },
    "ONT": {
        "high": 0.2087,
        "low": 0.2083
    },
    "OP": {
        "high": 2.1865,
        "low": 2.1804
    },
    "PEOPLE": {
        "high": 0.02926,
        "low": 0.02921
    },
    "PSG": {
        "high": 6.5,
        "low": 6.44
    },
    "QTUM": {
        "high": 2.685,
        "low": 2.679
    },
    "RAY": {
        "high": 0.2293,
        "low": 0.2284
    },
    "REEF": {
        "high": 0.003213,
        "low": 0.003209
    },
    "REN": {
        "high": 0.08328,
        "low": 0.08318
    },
    "RLC": {
        "high": 1.7349,
        "low": 1.7305
    },
    "ROSE": {
        "high": 0.05356,
        "low": 0.05344
    },
    "RSR": {
        "high": 0.004233,
        "low": 0.004228
    },
    "RUNE": {
        "high": 1.793,
        "low": 1.789
    },
    "RVN": {
        "high": 0.0284,
        "low": 0.02832
    },
    "SAND": {
        "high": 0.7314,
        "low": 0.7303
    },
    "SANTOS": {
        "high": 5.77,
        "low": 5.75
    },
    "SFP": {
        "high": 0.5303,
        "low": 0.5286
    },
    "SHIB": {
        "high": 1.1826e-05,
        "low": 1.181e-05
    },
    "SNFT": {
        "high": 0.0579,
        "low": 0.0573
    },
    "SNX": {
        "high": 2.31,
        "low": 2.306
    },
    "SOL": {
        "high": 24.12,
        "low": 24.076
    },
    "SRM": {
        "high": 0.3667,
        "low": 0.3653
    },