{
    "1INCH": {
        "high": 0.4987,
        "low": 0.4978
    },
    "AAVE": {
        "high": 81.06,
        "low": 80.92
    },
    "ADA": {
        "high": 0.35105,
        "low": 0.35064
    },
    "ALGO": {
        "high": 0.2344,
        "low": 0.2343
    },
    "ALICE": {
        "high": 1.479,
        "low": 1.477
    },
    "ANC": {
        "high": 0.05304,
        "low": 0.053
    },
    "ANKR": {
        "high": 0.02344,
        "low": 0.02335
    },
    "ANT": {
        "high": 2.721,
        "low": 2.713
    },
    "APE": {
        "high": 5.207,
        "low": 5.2
    },
    "API3": {
        "high": 1.411,
        "low": 1.41
    },
    "AR": {
        "high": 9.276,
        "low": 9.262
    },
    "ARPA": {
        "high": 0.0331,
        "low": 0.03306
    },
    "ATOM": {
        "high": 12.99,
        "low": 12.977
    },
    "AUDIO": {
        "high": 0.1877,
        "low": 0.1875
    },
    "AVAX": {
        "high": 17.041,
        "low": 16.97
    },
    "AXS": {
        "high": 9.1,
        "low": 9.085
    },
    "BAKE": {
        "high": 0.1707,
        "low": 0.1705
    },
    "BAL": {
        "high": 6.673,
        "low": 6.668
    },
    "BAND": {
        "high": 1.8923,
        "low": 1.8884
    },
    "BAT": {
        "high": 0.232,
        "low": 0.2319
    },
    "BCH": {
        "high": 126.56,
        "low": 126.42
    },
    "BEL": {
        "high": 0.507,
        "low": 0.5065
    },
    "BIT": {
        "high": 0.5325,
        "low": 0.532
    },
    "BLZ": {
        "high": 0.06498,
        "low": 0.06489
    },
    "BNB": {
        "high": 303.12,
        "low": 302.75
    },
    "BNX": {
        "high": 76.75,
        "low": 76.59
    },
    "BONE": {
        "high": 1.231,
        "low": 1.22
    },
    "BSV": {
        "high": 44.7,
        "low": 44.62
    },
    "BTC": {
        "high": 20940.9,
        "low": 20920.4
    },
    "C98": {
        "high": 0.2197,
        "low": 0.2194
    },
    "CEEK": {
        "high": 0.0995,
        "low": 0.0993
    },
    "CEL": {
        "high": 0.6523,
        "low": 0.6425
    },
    "CELO": {
        "high": 0.767,
        "low": 0.647
    },
    "CELR": {
        "high": 0.01334,
        "low": 0.01331
    },
    "CHR": {
        "high": 0.1393,
        "low": 0.1392
    },
    "CHZ": {
        "high": 0.1378,
        "low": 0.13766
    },
    "COMP": {
        "high": 52.55,
        "low": 52.5
    },
    "COTI": {
        "high": 0.07291,
        "low": 0.07284
    },
    "CRV": {
        "high": 0.851,
        "low": 0.848
    },
    "CTK": {
        "high": 0.7887,
        "low": 0.7883
    },
    "CVC": {
        "high": 0.1057,
        "low": 0.1052
    },
    "DAR": {
        "high": 0.1544,
        "low": 0.1542
    },
    "DASH": {
        "high": 51.67,
        "low": 51.58
    },
    "DC": {
        "high": 0.001316,
        "low": 0.001298
    },
    "DENT": {
        "high": 0.000869,
        "low": 0.000866
    },
    "DOGE": {
        "high": 0.085966,
        "low": 0.085901
    },
    "DOT": {
        "high": 6.025,
        "low": 6.016
    },
    "DUSK": {
        "high": 0.1018,
        "low": 0.10169
    },
    "DYDX": {
        "high": 1.529,
        "low": 1.522
    },
    "EGLD": {
        "high": 40.5,
        "low": 40.44
    },
    "ENJ": {
        "high": 0.3466,
        "low": 0.346
    },
    "ENS": {
        "high": 14.061,
        "low": 14.048
    },
    "EOS": {
        "high": 1.069,
        "low": 1.067
    },
    "ETC": {
        "high": 22.298,
        "low": 22.253
    },
    "ETH": {
        "high": 1558.92,
        "low": 1557.44
    },
    "ETHW": {
        "high": 3.946,
        "low": 3.937
    },
    "FILECOIN": {
        "high": 4.905,
        "low": 4.889
    },
    "FITFI": {
        "high": 0.02849,
        "low": 0.02843
    },
    "FLM": {
        "high": 0.0937,
        "low": 0.0936
    },
    "FLOW": {
        "high": 1.089,
        "low": 1.088
    },
    "FOOTBALL": {
        "high": 654.78,
        "low": 653.63
    },
    "FTM": {
        "high": 0.3332,
        "low": 0.3321
    },
    "GAL": {
        "high": 1.535,
        "low": 1.5335
    },
    "GALA": {
        "high": 0.04832,
        "low": 0.04818
    },
    "GLMR": {
        "high": 0.433,
        "low": 0.43
    },
    "GRT": {
        "high": 0.08739,
        "low": 0.08723
    },
    "GTC": {
        "high": 1.649,
        "low": 1.646
    },
    "HNT": {
        "high": 2.852,
        "low": 2.849
    },
    "HT": {
        "high": 5.152,
        "low": 5.133
    },
    "ICP": {
        "high": 5.25,
        "low": 5.244
    },
    "IMX": {
        "high": 0.5684,
        "low": 0.5671
    },
    "IOST": {
        "high": 0.00938,
        "low": 0.009368
    },
    "IOTA": {
        "high": 0.218,
        "low": 0.2178
    },
    "IOTX": {
        "high": 0.0296,
        "low": 0.02951
    },
    "JASMY": {
        "high": 0.005152,
        "low": 0.005139
    },
    "KAVA": {
        "high": 0.8535,
        "low": 0.8516
    },
    "KLAY": {
        "high": 0.1938,
        "low": 0.1931
    },
    "KNC": {
        "high": 0.742,
        "low": 0.7408
    },
    "KSM": {
        "high": 31.21,
        "low": 31.17
    },
    "LDO": {
        "high": 2.4176,
        "low": 2.4075
    },
    "LINA": {
        "high": 0.00659,
        "low": 0.00656
    },
    "LINK": {
        "high": 6.901,
        "low": 6.888
    },
    "LIT": {
        "high": 0.899,
        "low": 0.897
    },
    "LOOKS": {
        "high": 0.19229,
        "low": 0.19205
    },
    "LRC": {
        "high": 0.2568,
        "low": 0.2567
    },
    "LTC": {
        "high": 88.55,
        "low": 88.44
    },
    "LUNC": {
        "high": 0.0001831,
        "low": 0.0001822
    },
    "MANA": {
        "high": 0.69,
        "low": 0.5857
    },
    "MASK": {
        "high": 2.948,
        "low": 2.94
    },
    "MATIC": {
        "high": 0.9921,
        "low": 0.9906
    },
    "MKR": {
        "high": 703.1,
        "low": 701.6
    },
    "MTL": {
        "high": 0.8678,
        "low": 0.8656
    },
    "NEAR": {
        "high": 2.211,
        "low": 2.205
    },
    "NEO": {
        "high": 7.681,
        "low": 7.676
    },
    "NKN": {
        "high": 0.10388,
        "low": 0.10381
    },
    "OCEAN": {
        "high": 0.26876,
        "low": 0.26747
    },
    "OGN": {
        "high": 0.1175,
        "low": 0.1171
    },
    "OMG": {
        "high": 1.323,
        "low": 1.322
    },
    "ONE": {
        "high": 0.01734,
        "low": 0.01732
    },
    "ONT": {
        "high": 0.1998,
        "low": 0.1994
    },
    "OP": {
        "high": 1.8496,
        "low": 1.8418
    },
    "PEOPLE": {
        "high": 0.02698,
        "low": 0.02694
    },
    "PSG": {
        "high": 6.65,
        "low": 6.56
    },
    "QTUM": {
        "high": 2.423,
        "low": 2.419
    },
    "RAY": {
        "high": 0.2501,
        "low": 0.2498
    },
    "REEF": {
        "high": 0.003027,
        "low": 0.003024
    },
    "REN": {
        "high": 0.08248,
        "low": 0.08213
    },
    "RLC": {
        "high": 1.6283,
        "low": 1.625
    },
    "ROSE": {
        "high": 0.04845,
        "low": 0.0483
    },
    "RSR": {
        "high": 0.003915,
        "low": 0.003911
    },
    "RUNE": {
        "high": 1.756,
        "low": 1.754
    },
    "RVN": {
        "high": 0.02524,
        "low": 0.02522
    },
    "SAND": {
        "high": 0.6654,
        "low": 0.6625
    },
    "SANTOS": {
        "high": 5.75,
        "low": 5.74
    },
    "SFP": {
        "high": 0.4676,
        "low": 0.4666
    },
    "SHIB": {
        "high": 1.0249e-05,
        "low": 1.023e-05
    },
    "SNFT": {
        "high": 0.0837,
        "low": 0.0658
    },
    "SNX": {
        "high": 2.225,
        "low": 2.22
    },
    "SOL": {
        "high": 23.745,
        "low": 23.618
    },
    "SRM": {
        "high": 0.514,
        "low": 0.5038
    },
    "STG": {
        "high": 0.4744,